district,count,mean,median
adilabad,11,0.42248151396762074,0.1712159850316442
ahmedabad,8,0.3538095582198199,0.16380104793013472
alappuzha,4,0.6119153826115977,0.5879231277839136
almora,6,0.2425737091130842,0.24830020136085668
ambala,4,0.34767722841181,0.3792670860384386
amreli,5,0.11324509891172255,0.050637478269331404
amritsar,5,0.23836866550697025,0.03295350478896264
anand,12,0.8723101102814015,0.22415498267388556
anantpur,12,2.2185934322566028,0.24614247964228125
angul,24,0.2651855339912486,0.07911302603792013
anjaw,4,0.24687468539020568,0.2696465933328161
anuppur,8,0.20387141122760802,0.1504408073818121
ariyalur,7,0.9866396404672678,0.5067249271261502
ashok nagar,9,0.12931240160920568,0.09303568967887305
bageshwar,6,0.17330309823172763,0.11497501178487357
balaghat,9,0.10901089452047358,0.11154642956392419
balasore,15,0.2982789319515471,0.09572548007953363
banas kantha,8,0.2585102223904661,0.16108260372675376
barwani,7,0.1435591903351555,0.14519348139573424
bastar,9,1.6684947564581636,0.03364304531951734
betul,9,0.1679693988405355,0.07898193552648003
bhadrak,15,0.6309470558604191,0.12050026780030287
bhatinda,3,0.08781888761394334,0.08923417940278922
bhavnagar,8,1.0368998632490756,0.024922265471131938
bhind,6,0.3626013262438017,0.2380037645416041
bhiwani,5,0.1269293608602106,0.05314793198188586
bhopal,7,0.3687942012039954,0.3631201619435046
bilaspur,9,0.06017376529593496,0.02174430066070321
bolangir,24,0.5642056541117345,0.23235576438897082
boudh,20,0.4181028925581935,0.2984862927959453
broach,12,0.8495583860198558,0.05112758727943684
buragarh,21,0.388176102231604,0.0981151298477958
burhanpur,8,0.25436731691806075,0.19870655610842985
chamoli,5,0.2126191121863022,0.22211798127008753
champawat,7,0.27033216959147816,0.30487219234971263
changlang,4,0.48209595740761,0.5147823651899923
chhatarpur,9,0.29918214994066916,0.11862777753555401
chindwara,8,0.6451322202917933,0.16336290054987326
chittoor,12,2.094542555743575,0.17742029394901437
coimbatore,8,1.4609963793958396,0.4522985821221825
cuddalore,7,2.805941543914705,0.2637405369324568
cuddapah,12,1.0814251179361756,0.14535946222623428
cuttack,21,0.4307043034608827,0.14295042854619577
d/valley,4,0.14594305171211816,0.15113090291745207
dadra & nagar haveli,16,0.31513762923831495,0.16679963183738145
damoh,9,0.11159309771777043,0.06352633586773793
dangs,6,0.09925348919042372,0.10433613307178558
dantewara,8,1.5844815143336062,0.15155454688062864
datia,7,0.27489685904479816,0.22006996305627124
dehardun,7,0.2828734116390431,0.21145412903292382
deogarh,23,0.3481403032937103,0.10347381076896803
dewas,7,0.09607331651006182,0.08755935324283493
dhamtari,10,2.156859001676483,0.08557655896977502
dhar,8,0.1367525096966176,0.10165202758246508
dharmapuri,8,1.208719279972731,0.5760566277861898
dhenkanal,21,0.446483558253837,0.1874865851353426
didugul,8,3.323467712390789,1.191417859162034
dimapur,16,0.2219332940410648,0.16080720176894092
dindori,6,0.2900851594674093,0.24142690396655653
dohad,8,0.22337090965892964,0.15144677315146782
durg,10,0.9305086254672894,0.03165890663744342
e/kameng,4,0.11463199614283306,0.1144842305162434
e/siang,4,0.52995809204725,0.39635168677248545
east,6,0.21776736274832498,0.22524439800345297
east garo hills,8,0.2441998755910817,0.18261011478999278
east godavari,12,0.497344164653121,0.1188515036854674
east khasi hills,6,0.766300827056401,0.17489147525676146
ernakulam,4,0.35676002245338384,0.18530092072923754
erode,7,2.4778418916871368,0.32017881229139905
faridabad,2,0.10676840685587513,0.10676840685587513
faridkot,2,0.25126690320711254,0.25126690320711254
fatehabad,3,0.37768711978958036,0.09239635766212301
fatehgarh sahib,1,0.2529230641989013,0.2529230641989013
firozpur,2,0.0735049458519414,0.0735049458519414
gajapatti,15,0.40516274757440346,0.19195024585824277
gandhinagar,7,0.2568486207105785,0.1770490515823986
ganjam,18,0.3615083670010071,0.05848193954565818
goa,6,1.1422151611509843,1.0145837588990334
guna,7,0.1779259070569654,0.11962999152488096
guntur,12,1.291004467649384,0.4204834987983779
gurdaspur,4,0.22390555995872716,0.21561789646021495
gurgaon,2,0.19866080004821268,0.19866080004821268
gwalior,7,0.34397770512114156,0.10119289981270813
harda,8,0.3790496342413462,0.1821123200912606
haridwar,8,0.2307913555727642,0.184725092739904
hissar,5,0.04681577006926342,0.05965672691978796
hoshangabad,9,0.25698667938928266,0.16119047619047655
hoshiarpur,5,0.2150019208347131,0.22699625848461313
idukki,4,0.2047760711240485,0.19635855812522585
indore,7,0.16547754178675905,0.12942283521602982
jabalpur,9,0.19210723897663706,0.10160050264459275
jagatsingpur,13,0.5831119385350483,0.1641055465508896
jainta hills,5,0.3155245900924041,0.18395234041339825
jajpur,18,0.38133003329522985,0.13911425185883403
jalandhar,3,0.10901667555087242,0.05072230211571682
jamnagar,6,0.08509167715543181,0.05955736937292644
janjgir-champa,10,1.3043018681175835,0.014117118128018344
jashpur,8,1.214103028622393,0.082785166407529
jhabua,8,0.2179043853687289,0.20112956707032714
jhajjar,2,0.26232623533711796,0.26232623533711796
jharsugda,15,0.6215206344711778,0.21019849941374713
jind,2,0.05423376296216806,0.05423376296216806
junagarh,7,0.30970684447117103,0.143576953086905
kaithal,2,0.1908107934244937,0.1908107934244937
kalahandi,19,0.3670277689788689,0.18400010775153244
kancheepuram,7,1.1117287494795147,0.506078932294109
kandhamal,18,0.32044350761493395,0.10039238240007554
kanker,10,0.5834997971208855,0.1253089264191656
kannur,4,0.38286282718308784,0.1754011976243739
kanya kumari,3,5.512204886288263,1.9889363876132347
kapurthala,2,0.27715154184931023,0.27715154184931023
karimnagar,11,0.29842728884724284,0.23308317080439245
karnal,4,0.14941488110474618,0.06446340781392468
karur,7,1.2038026659345888,0.47615369980384825
kasargod,4,0.918404623833915,0.35660569758033045
katni,9,0.21444640143053859,0.20206272283083923
kawardha (kabirdham),10,0.8975498775316135,0.07797404776049943
kedrapara,13,0.32425728576866064,0.09643045785219961
keonjhar,22,0.3261964371502404,0.13612839387912717
khammam,12,1.1733178203550072,0.22914136418124842
khandwa,8,0.09627808044442836,0.09174284186585144
khargaon,7,0.1834740502541341,0.18027513835027453
kheda,10,0.205996029395025,0.10535684547343055
khurda,16,0.45970903039414385,0.09788610589550614
kohima,12,0.23327414718626768,0.17995302222381238
kollam,4,0.16918782409988858,0.10135812409227163
koraput,22,0.36068368584052224,0.2541577067245587
korba,10,1.2079944525001383,0.04581541207639879
koriya,7,0.0560433483014814,0.04606328828790485
kottayam,4,0.4413383090042855,0.3747071882053399
kozhikode,4,0.32846843560669003,0.3364129092460093
krishna,12,0.5652546667004898,0.345295260920762
krishnagiri,8,1.0841930396126251,0.5537394191200538
kurkshetra,5,0.3499115083287548,0.2439904078259152
kurnool,12,0.44636589120570375,0.19931699248732085
kurung kamey,4,0.20443592455458104,0.19858677594685303
kutch,4,0.06773643760140559,0.04845518265267926
l/subabsiri,4,0.7195035572261257,0.6430903873020903
lohit,4,0.4383169549986588,0.44084466583988746
lower dibang valley,4,0.09407095059590792,0.09574550520669034
ludhiana,4,0.48191127206827616,0.2955625016036074
madurai,8,0.8107070275374209,0.44290553581155484
mahaboobnagar,9,0.5966550496455789,0.3070949969480332
mahasmund,10,2.918716987382413,0.05366225704377073
mahendra garh,3,0.09494604233555576,0.018542919622970333
malappuram,4,0.5326257144557233,0.26640673720546326
malkangiri,17,0.3899341827668388,0.13038641204260898
mandla,9,0.16567640488552995,0.11942699338219753
mandsaur,6,0.09651273568408603,0.05882261254290638
mansha,3,0.06398383265292085,0.06323423517024007
mayurbhanj,24,0.30800717263143623,0.1921730193816636
medak,10,1.1066043973425368,0.2275377474146537
mehsana,8,0.1277451509374477,0.08685613391863228
mewat,4,0.4077819970027752,0.2917866153278976
moga,3,0.12125023605035339,0.1521761924552203
mokokchung,14,0.19331872027581518,0.16397740054095927
mon,16,0.1849552738539783,0.1895565017369878
morena,7,0.25540707509435395,0.11021698917751843
mukatsar,3,0.2207638019858955,0.28011648827884694
n.shahar,2,0.2682124911911523,0.2682124911911523
nagapattinam,5,1.045871923219182,0.7390282062018088
nainital,8,0.37050854895418517,0.19642767713021136
nalgonda,10,1.2751317724970737,0.4764423255015354
namakkal,8,0.9298859411103856,0.3035844199989912
narmada,9,0.8242399760616093,0.14607703314391718
narsimpur,9,0.20418797918997356,0.12148536745885419
navsari,9,1.6326601513555223,0.0994577631809781
nawapara,19,0.35988044006890435,0.09179177667113442
naworangpur,13,0.512311204007536,0.31809039554093355
nayagarh,16,0.30319887428097175,0.16030707539118716
neemach,7,0.1514311858726253,0.16292234041075435
nellore,12,1.138606498093201,0.09298976369759082
nizamabad,11,1.1400887027867534,0.26172806219085387
north,5,0.28650316696086814,0.19842254727429132
palakkad,4,0.5277320496797271,0.5628295486483068
palwal,3,0.13667462779169529,0.12804884938517902
panch mahals,12,0.3727171072883578,0.23308092715440232
panchkula,4,0.2481456666154176,0.2677375295399582
panipat,2,0.24162493524393475,0.24162493524393475
panna,7,0.22905892263684982,0.1433906942876714
papumpare,4,0.5841039524688658,0.5688778905425744
patan,5,0.1484864190105986,0.07923673662105968
pathanamthitta,4,0.42190419149369507,0.4726424160603335
patiala,2,0.4221701298087721,0.4221701298087721
pauri garhwal,6,0.2257356506368086,0.18438975639969224
perambalur,7,1.286678512779776,0.5336044931855326
phek,14,0.2322188244891909,0.15030465643183488
pithoragarh,6,0.23203508730223366,0.23939348183187004
porbandar,5,0.13530937704949153,0.13878942880024087
prakasam,11,0.33548432626777314,0.15392122011002218
pudukkottai,7,4.4253075549698035,1.1219503122689436
puri,12,0.444070143471305,0.14450565538070764
raigarh,10,1.0103497050234407,0.03240185421404071
raipur,10,1.8978779325200397,0.036722288379715015
raisen,8,0.21899401835154708,0.19767536097813115
raj nandgaon,10,1.8238919848108144,0.07258001741349593
rajgarh,7,0.16291866940037322,0.11424686426438813
rajkot,7,0.18190062657926104,0.1538705815926415
ramanathapuram,6,0.7140316812471288,0.34068099465114166
rangareddy,11,1.1479209673429858,0.22479256740824433
ratlam,8,0.24289415301713532,0.1577478162989042
rayagada,21,0.2571599115228987,0.1283111430133781
rewa,7,0.2967686418474584,0.27276505145514185
rewari,2,0.40589976586339505,0.40589976586339505
ri bhoi,5,1.0560479745776328,0.3501153015754932
rohtak,4,0.6008765142290151,0.32153602757918076
ropar(rupnagar),3,0.0850918170199672,0.11107348096331515
rudraprayag,5,0.20008751041287742,0.24516881545592373
sabarkantha,12,2.001358538943527,0.2052159096642459
sagar,9,0.1023602320983838,0.07604290289598148
salem,8,0.914846166413907,0.3697644118622733
sambalpur,21,0.44698715674357703,0.14215677775254498
sangrur,4,0.36992513841956354,0.20150064182778044
sarguja,8,0.8334342909804513,0.028809702993969857
satna,8,0.30555321199908614,0.2391631631737275
sehore,8,0.27882382740530864,0.2197291344955207
seoni,9,0.15989328520939516,0.1184205349383699
shahdol,7,0.37709976058302164,0.2644119747032785
shajapur,7,0.2257033248057749,0.1868136919067148
sheopur kala,7,0.3576388062276986,0.27779141027261894
shivpuri,7,0.20950203978789303,0.13788144659470092
sidhi,7,0.22604310381954057,0.13251478272525544
sirsa,4,0.8012024432984409,0.05810277915781015
sivagangai,7,1.2803716667696052,0.7569200758637891
sonepat,3,0.8856643908641226,0.1723053906412919
sonepur,20,0.663490130753958,0.2978234010127309
south,6,0.2109738614474962,0.24563977290318761
south garo hills,8,0.7198480973555977,0.3288521574363079
srikakulam,11,0.17417210876410893,0.14233379679355168
sundargarh,20,0.4009557338409091,0.12005171069385906
surat,11,0.3248766868128791,0.14618961111807882
surendranagar,7,0.2169029320617498,0.05092593980779303
tapi,11,0.45633306011203506,0.2746043942695209
tawang,4,0.4076721364957939,0.39384818086050255
tehri garwal,6,0.15556697158784555,0.15564796640213202
thanjavur,7,1.7372422124909437,1.2366945226365043
the nilgiris,2,0.7436390013229319,0.7436390013229319
theni,8,4.421837791361086,0.9317825466742653
thiruppur,8,2.296557315400192,0.7298700355996464
thiruvallur,5,0.4014106062265933,0.19459404985307982
thiruvarur,5,0.9046857453672372,0.7387662620512359
thoothukudi,8,2.178688170305795,0.7195751231876846
thrissur,4,0.6837094621569964,0.50415301815357
tikamgarh,9,0.24727338179920239,0.1509715113871698
tirap,4,0.30063715171645644,0.2402448916682069
tiruchirapalli,8,2.7619411002134107,0.8511937257227313
tirunelveli,7,3.705833597475169,1.6406249511395807
tiruvannmalai,8,2.3614082079564636,0.513397279307858
trivandrum,4,0.39292635637569817,0.26039095293735093
tuensang,11,0.1682075439988562,0.049498152976030885
u/siang,4,0.16238458439210862,0.1623843390764549
u/subansiri,4,0.2377801432033143,0.21529348774231316
udham singh nagar,8,0.45581191550184214,0.26963161026598403
ujjain,6,0.10674333518398137,0.0641883215067712
umaria,7,0.3070084772359758,0.18261649707591376
uttarkashi,6,0.22125355512014253,0.17926590703176265
vadodara,12,0.38218673252752106,0.2169336287912642
valsad,6,0.2132703479105905,0.18174663896569104
vellore,8,1.6741777676662464,0.5759463501601203
vidisha,7,0.1309260437130217,0.14486251462005417
villupuram,7,1.250418117000861,0.6808013773448067
virudunagar,8,1.1239633043183392,0.5276444725221893
visakhapatnam,12,1.1731045744527575,0.1483787417061866
vizianagarm,11,1.0608041533460009,0.14183630798139674
w/kameng,4,0.20703093331771125,0.21178208024576733
w/siang,4,0.13376293157310815,0.14070549936494026
warangal,12,0.9711269894099348,0.28449514328994174
west,6,0.21526566681856027,0.2874824121370637
west garo hills,8,0.5343678526487624,0.39000833282857367
west godavari,11,1.0226936749437245,0.26109359651061653
west khasi hills,5,0.24282979265681903,0.18468341103350694
wokha,14,0.1811569917667654,0.06491348462767987
wynad,3,0.39510781168737347,0.15667504731942827
yamuna nagar,4,0.3405564422595852,0.35145625305384487
zunheboto,12,0.19016775686912454,0.22131493743819924
